userId,productId,score,time
A1FWT811DSZLC8,B00064C0IU,3.0,1360368000
A1THE6V6O8ROD4,B00064C0IU,5.0,1358467200
A176IQ7MVD3N6T,B00064C0IU,1.0,1357084800
A34BDX4JVMG23Y,B00064C0IU,5.0,1326240000
A3UWJXJI7S3T05,B000K5JBZU,5.0,1351987200
A1QAXWETH56D6J,B000K5JBZU,5.0,1360972800
A1QE7PR7V4HHLZ,B000FKGRT8,2.0,1198886400
A3PB71Q63XF43G,B000FKGRT8,5.0,1168819200
A1AY2O6QFQC7CN,B000FKGRT8,5.0,1166659200
A3OAK3L4MTKNJV,B000FKGRT8,5.0,1172188800
A1MCMM8C7SARLP,B000FKGRT8,5.0,1178409600
A1H70LTQJ2VJG8,B000FKGRT8,5.0,1174780800
AB3KJLVWYP1MI,B000FKGRT8,5.0,1307664000
A230X2QUHTY8MQ,B000FKGRT8,5.0,1344038400
AP0PLMNNH56MA,B000FKGRT8,1.0,1202515200
AUKDB4N5NRB5P,B000FKGRT8,5.0,1202169600
A3N96FK80PJ88D,B000FKGRT8,2.0,1201564800
ATKUBKOQS0JFE,B000FKGRT8,2.0,1201392000
A221QWSGPRZ9Q9,B000FKGRT8,5.0,1201219200
AZN28ZLXYIJDE,B000F1OVRC,5.0,1174003200
A1LI5CQBK3CPSX,B000G35MR2,5.0,1332979200
A2FUKCI8AHXNH9,B000G35MR2,5.0,1330992000
ATFFOJSR1EZPS,B000G35MR2,5.0,1324252800
A9NXZD4W48M8G,B000G35MR2,5.0,1316476800
A28OIXXR3WF2A7,B000G35MR2,5.0,1306454400
A1L1OD2V298YMX,B000G35MR2,5.0,1302134400
A11OH2MLX5AZSX,B000G35MR2,4.0,1319241600
A3TF15XLPUDFVU,B000G35MR2,5.0,1357603200
A2T0CZ9W262EO1,B000G35MR2,5.0,1356480000
A2NTW7V67COHOW,B000G35MR2,2.0,1356134400
A21HOY50DPUYQN,B000G35MR2,5.0,1356048000
A2IBK1MYXTFJH0,B000G35MR2,5.0,1355788800
A2XSC45K6EDTJV,B000G35MR2,5.0,1355529600
A296R95U43DQG7,B000G35MR2,4.0,1354838400
AY1K7NKKOQJCJ,B000G35MR2,5.0,1350604800
A2694REVAMAL4H,B000G35MR2,5.0,1348531200
ARQK80NOQDOZA,B000G35MR2,5.0,1340323200
A1SJD2JGU1HH12,B000G35MR2,5.0,1323302400
A3NRIS6JOJ2R8K,B000G35MR2,5.0,1317168000
A3AM7W4YY98F5S,B000G35MR2,5.0,1240790400
A2WZMRT5BX05YI,B000G35MR2,5.0,1233878400
AC43QGFKN3IGU,B000G35MR2,5.0,1301184000
ALWL0AJ94O8RJ,B000G35MR2,5.0,1267228800
A12S2ZLQFGJ4P0,B000G35MR2,5.0,1250985600
A7NCGA42VJXSN,B000G35MR2,5.0,1359158400
A4S8RMQY4O7CT,B000G35MR2,5.0,1358726400
A35LUIP33WV67E,B000G35MR2,5.0,1358035200
A12RC0VUMN9LQ3,B0009XLSV8,5.0,1208563200
A2DJOE1GL5WGZU,B0009XLSV8,4.0,1316822400
A1BKT5MVZ302UQ,B000K5JBZK,5.0,1354665600
A2Y15M2X1DYLZX,B00012U9E4,5.0,1122336000
A2OZJV1CLQK0H,B00012U9E4,5.0,1356998400
AJH7B357XB0NJ,B00012U9E4,4.0,1350518400
A9TGUF3ZBOG1D,B00012U9E4,1.0,1349049600
AQ3BEC02AEZJ3,B0001BOD1U,5.0,1229299200
A2Y15M2X1DYLZX,B00012U9FI,5.0,1122336000
A2OZJV1CLQK0H,B00012U9FI,5.0,1356998400
AJH7B357XB0NJ,B00012U9FI,4.0,1350518400
A9TGUF3ZBOG1D,B00012U9FI,1.0,1349049600
A2DUGNX79YUMDT,B000BO8NP4,5.0,1202342400
A3IE5LOLADH2CH,B000NRSZRU,5.0,1174262400
A3DAM96P5QKMU7,B000NRSZRU,1.0,1207353600
A1V2MPDJ8Y88UE,B000NRSZRU,1.0,1204243200
A1X9YTNRASJN50,B000NRSZRU,5.0,1203206400
A2BPXZG0DAPVZL,B0002DO2XQ,5.0,1219017600
AI0UIR3Q1UREB,B0002DO2XQ,3.0,1318550400
A1ZKI0BG7CP5GN,B0009XLSWM,3.0,1350950400
A12RC0VUMN9LQ3,B0009XLSWW,5.0,1208563200
A2DJOE1GL5WGZU,B0009XLSWW,4.0,1316822400
A2Y15M2X1DYLZX,B00012U9F8,5.0,1122336000
A2OZJV1CLQK0H,B00012U9F8,5.0,1356998400
AJH7B357XB0NJ,B00012U9F8,4.0,1350518400
A9TGUF3ZBOG1D,B00012U9F8,1.0,1349049600
A2Y15M2X1DYLZX,B00012U9G2,5.0,1122336000
A2OZJV1CLQK0H,B00012U9G2,5.0,1356998400
AJH7B357XB0NJ,B00012U9G2,4.0,1350518400
A9TGUF3ZBOG1D,B00012U9G2,1.0,1349049600
A2CRH0R408NE03,B00027D74W,5.0,1262131200
A2O801QW5OQ9WH,B0001EKYFQ,5.0,1316995200
A2Y15M2X1DYLZX,B00012U9GC,5.0,1122336000
A2OZJV1CLQK0H,B00012U9GC,5.0,1356998400
AJH7B357XB0NJ,B00012U9GC,4.0,1350518400
A9TGUF3ZBOG1D,B00012U9GC,1.0,1349049600
A2PLYHFDG0C68L,B0009WFCWU,5.0,1334880000
A3HC1Q9BPTSQRL,B000NP6EWK,5.0,1092096000
A3V5HL4U7DW6AX,B000NP6EWK,1.0,1153094400
A2ZVCD0TSK1ZXF,B000NP6EWK,5.0,1150070400
A3T6LGW8Z9OYBE,B000NP6EWK,5.0,1192233600
A33NO3C9SQQXSP,B000NP6EWK,5.0,1337040000
AQQJK2N0K1QPX,B000NP6EWK,5.0,1330300800
A1R5TAGARUW4ZG,B000NP6EWK,5.0,1298937600
A40M4QYE5KI8A,B000NP6EWK,3.0,1291593600
A3FW6YNDPGICIT,B000NP6EWK,3.0,1245542400
A21NLLBMR6LYAS,B000NP6EWK,4.0,1234137600
AAMAJ6NSKS3J4,B000NP6EWK,5.0,1240963200
A58OFA7T7WN9Z,B000NP6EWK,5.0,1161561600
A1Z5S3D67XHTEE,B000NP6EWK,5.0,1154822400
A17B2KOIAPY201,B000NP6EWK,3.0,1129680000
A3RQMPIT3WLZ2N,B000NP6EWK,4.0,1235174400
A1Z3Q14S6B7JS6,B000NP6EWK,1.0,1348963200
AOT1RL2DFTXJW,B000NP6EWK,1.0,1339459200
AD69CIEGCRUFE,B000NP6EWK,1.0,1339286400
A2PNOU7NXB1JE4,B000NP6EWK,4.0,1219795200
A3KBL59PYXZQPZ,B000NP6EWK,4.0,1158969600
A34FBKMEZPBF7,B000NP6EWK,5.0,1218067200
A3G1WM25IV25Q3,B000NP6EWK,5.0,1212192000
A3FNLY7H2P38S6,B000NP6EWK,5.0,1212019200
A1KFLQNCGBOCO8,B000NP6EWK,5.0,1197417600
AZ87WSM90Y5O2,B000NP6EWK,5.0,1179792000
A1U5PXRMPRHQND,B000NP6EWK,3.0,1178755200
A3ZZQAJZT3CUT,B000NP6EWK,5.0,1201478400
A1LHBME33V0WGG,B000NP6EWK,4.0,1134000000
AVTBOH5EBQLWH,B000NP6EWK,1.0,1150156800
A1JMNZWWN0F45C,B000NP6EWK,4.0,1147046400
AQQRATCZFW2R7,B000NP6EWK,3.0,1135814400
A1BOMUP3OT73LN,B000NP6EWK,5.0,1151366400
AXOZL70FB4H2N,B000NP6EWK,5.0,1173571200
A4S8DUR5B7YJ3,B000NP6EWK,5.0,1133481600
A24P7RF7G6F1E9,B000NP6EWK,5.0,1139356800
A27UE9HJRZ22YI,B000NP6EWK,4.0,1166486400
A3HXUF8NNALXIM,B000NP6EWK,5.0,1220486400
A1PG8ALMK2EXT,B000NP6EWK,5.0,1212278400
AHLNR3QG2C6X7,B000NP6EWK,3.0,1238457600
A3IXZYQLARBFRB,B0001EKYF6,5.0,1251504000
A2VLA3K9XNSSJY,B0001EKYF6,5.0,1208217600
AE02EJ4XBALM5,B0001EKYF6,5.0,1355356800
A29ZWMZ7V1LII6,B0001EKYF6,5.0,1360195200
A3ATQA1M292810,B0001EKYF6,4.0,1358121600
ADZOF5OJKNURI,B0001EKYF6,5.0,1356825600
A3D1C7LGMVV7DJ,B0001EKYF6,5.0,1354492800
A2GKESZXXV1X3V,B0001EKYF6,4.0,1333324800
A1TWTL2KY2WUDW,B0001EKYF6,5.0,1308787200
A6PS789IVDG2H,B0001EKYF6,5.0,1286236800
A3IXZYQLARBFRB,B0001EKYF6,5.0,1284163200
A16HLSF2824ISL,B0001EKYF6,4.0,1268611200
A3VLDX9SZ2GVFG,B000NRSZTS,4.0,1281225600
A3GXU20ANNAZEQ,B000NRSZTS,2.0,1314921600
ASV5U9G80OV5H,B000BR15GK,5.0,1204416000
A1QLLV5BU5WPSB,B000BR15GK,5.0,1175904000
AV6BS2VXOQVD6,B000BR15GK,5.0,1264982400
A13X5FJX1JEECO,B000BR15GK,5.0,1200614400
A12QNPCNDP440J,B000BR15GK,1.0,1192060800
A2RIT9GJZQ4VEX,B000BR15GK,3.0,1114214400
unknown,B000BR15GK,5.0,1083715200
A281NPSIMI1C2R,B000BR15GK,5.0,1155772800
A13Z56KO642LML,B000BR15GK,3.0,1234051200
A31Z79VICOFHJD,B000BR15GK,5.0,1208044800
A281NPSIMI1C2R,B000BR15GK,5.0,1153872000
AJXCVWLA2CAUL,B000BR15GK,4.0,1179619200
A2AOIWGJBVYCN,B000BR15GK,2.0,1332633600
AYV21CGNNXRPL,B000BR15GK,1.0,1176768000
A2Q9OYM6FJKNO3,B000BR15GK,5.0,1325030400
AUS0MAK3HKQMJ,B000BR15GK,5.0,1212537600
A35NVU54VEAXBK,B000B6MY3O,5.0,1243814400
A153KSP0I19WF,B000B6MY3O,5.0,1283558400
AMFMVWHYF2Q6T,B0002DO2ZY,5.0,1334966400
A25FRY1CG9TB8R,B0009XLSYK,5.0,1361145600
A2NX8VCXIOQB1Z,B000NP6EXY,1.0,1235088000
AETYIFOE5YUU1,B000NP6EXY,5.0,1222992000
A112DQS4Y6X0ON,B000NP6EXY,5.0,1188259200
A3GFT0AMCHFFD9,B00012U9HG,3.0,1347580800
A12RC0VUMN9LQ3,B0009XLSYU,5.0,1208563200
A2DJOE1GL5WGZU,B0009XLSYU,4.0,1316822400
A1TWTL2KY2WUDW,B0001EKYG0,5.0,1308787200
A17ITHJHMBJI78,B0001EKYG0,5.0,1287964800
A5A54G8UNR4V8,B0001EKYG0,5.0,1226966400
A3588CJ1DRNYVK,B0001EKYG0,5.0,1343779200
A35WBGBJQJH3CI,B0009PL39S,5.0,1333497600
A2K1OOJ9BOSI13,B0009PL39S,5.0,1122163200
A2U09H2IHOUN78,B000MREG74,5.0,1194652800
A1IYF0SDEIACGV,B0001K60PI,5.0,1283558400
ALSN7X553IUHC,B0001K60PI,1.0,1292803200
A6JTDTXYV9H0D,B000B5RC64,5.0,1352592000
A12RC0VUMN9LQ3,B0009XLSZ4,5.0,1208563200
A2DJOE1GL5WGZU,B0009XLSZ4,4.0,1316822400
A231M5GVQYB9BC,B0001EKYHO,1.0,1286409600
AVONJB4QWPKSZ,B0001EKYHO,3.0,1202342400
A2R6RA8FRBS608,B0001K60PS,5.0,1327276800
A371DQNFT1E6GN,B0001K60PS,1.0,1360540800
AI05TM9XLXF6R,B000FKHNCS,4.0,1186444800
A2H9E4DJH15U3C,B000FKHNCS,5.0,1201824000
A242WST0CR6V1G,B000FKHNCS,5.0,1185235200
A2BM5VOZ6TCEEG,B000FKHNCS,1.0,1278288000
A9MNSV3NKN2C,B000FKHNCS,5.0,1261785600
ACFVBNF1KOKKR,B000FKHNCS,4.0,1190764800
A3IOCPLIMYDBCD,B000FKHNCS,2.0,1218326400
AI9Q3M7F40JG8,B0002L11JG,5.0,1335830400
A20WM1434XLQUR,B0002L11JG,1.0,1317513600
A1V73VQ00REMEQ,B0002L11JG,1.0,1268006400
A19ZAM84JOSL7M,B000GCQB5A,5.0,1315526400
A3GFT0AMCHFFD9,B00012U9I0,3.0,1347580800
AVJVVYK8ORT9Z,B0002H85LM,5.0,1360108800
ABKN3ZA6IYSJL,B0002L11K0,5.0,1306022400
A2UATFCOQO1OLF,B0002L11K0,4.0,1353542400
A18FVKKFN8926Y,B0001YXWZU,5.0,1201737600
A3MW0OY6VZTN1Q,B000BO8NTA,5.0,1226275200
A3A6S73UBQTQLA,B0001YNYBM,5.0,1197590400
ATAF087XY1XLS,B000O2PYAK,5.0,1108771200
A3GECBRIJFAXQ7,B000141G62,4.0,1346976000
A1WQYBPTY3B44,B000GBK25Q,5.0,1185667200
AFDT9VMWE601S,B000GBK25Q,5.0,1316563200
A18JAZ1S7PQI5O,B000IJKO7W,5.0,1338249600
A2N5SEPUYGUQUO,B000IJKO7W,5.0,1353542400
A2J0C6R7VT8YYS,B000IJKO7W,5.0,1350950400
A2D9LM888IJ3IU,B000IJKO7W,5.0,1322697600
AHCNQHFLYUQFQ,B000IJKO7W,5.0,1361577600
A1F182MKY3SERC,B000IJKO7W,1.0,1315612800
A2GSSD75YIA7KA,B000IJKO7W,2.0,1353628800
A1XOWNBPCV14Q7,B000JWW1C4,5.0,1250467200
A2ZAO91CU4MBNU,B0001EKYJM,5.0,1361404800
A267R69I9IECSR,B000CFEWGG,5.0,1241308800
A1WY0HPMZHKC3,B000CFEWGG,3.0,1196640000
A2NM44ULLLEJ1K,B000141G7Q,2.0,1354838400
A4LBK57N2EZXP,B0001EKYJW,1.0,1327968000
AA394CGT3GNYH,B0001EKYJW,5.0,1301443200
AI4ZB516IFVMD,B0001EKYJW,5.0,1333584000
A29EGGCYK96C0Y,B0001EKYJW,5.0,1360886400
ACSZS2QI2FMEE,B0001EKYJW,5.0,1360540800
A14F5GWYWPW0ZL,B000GCUEXK,5.0,1246060800
AL4ZP6UG6QXCW,B0001EKYJ2,4.0,1172534400
A3Q2RPX7AJ0CX5,B0001EKYJ2,2.0,1360022400
A1JFTQAOJFSNKT,B0001EKYJ2,5.0,1359590400
A23Z9V2S6O1YUE,B0001EKYJ2,5.0,1357430400
A3K5KH941EZC2E,B0001EKYJ2,5.0,1357257600
AQANNHNDUBDUH,B0001EKYJ2,5.0,1356739200
A3RZ0TYWV947O,B0001EKYJ2,2.0,1355616000
A2CCMXTIL3XLAA,B0001EKYJ2,5.0,1354665600
A2IHIF6AXYIMPU,B0001EKYJ2,4.0,1353542400
AZCXC2NB3UL8,B0001EKYJ2,5.0,1348963200
A1XE97I2KDDTBA,B0001EKYJ2,4.0,1304899200
A2O8CCF2JI7EVS,B0001EKYJ2,4.0,1291939200
AHZQLR9EJ98RK,B0001EKYJ2,5.0,1290816000
A1APYCAA513ZVC,B0001EKYJ2,5.0,1274400000
A1NM18V45RCNB3,B0001EKYJ2,5.0,1262822400
AIPSUF99BQ17T,B0001EKYJ2,3.0,1258329600
A1GBBEKUFXP35C,B0001EKYJ2,4.0,1229904000
AN3Z0OPA00JAE,B0001EKYJ2,5.0,1216080000
A9MOGZK59YRPU,B0001EKYJ2,5.0,1206921600
A2T3EPM59HT72N,B0001EKYJ2,5.0,1196640000
A34HBETUBEU2WQ,B0001EKYJ2,5.0,1342051200
A2LBH5Z0HR5LHH,B0001EKYJ2,4.0,1339027200
A3FKNDKRFR7X7R,B0001EKYJ2,5.0,1338508800
A3OQ4I8U6TYCVE,B0001EKYJ2,5.0,1336176000
APJTQGIMW9LYK,B0001EKYJ2,4.0,1334966400
A3DYKR0ZJ7UAIY,B0001EKYJ2,5.0,1332288000
AM12T222C788N,B0001EKYJ2,5.0,1330387200
A1XQWTZA2572JQ,B0001EKYJ2,4.0,1330214400
A1ISEGWUTYO4EP,B0001EKYJ2,5.0,1330214400
A1W9JOFE6F89FB,B0001EKYJ2,5.0,1327622400
AV5YWLCO57ZI3,B0001EKYJ2,5.0,1324425600
A3CFFN0OBW4LOK,B0001EKYJ2,5.0,1324252800
A9A4PTS2IRUKO,B0001EKYJ2,4.0,1323734400
A37P5I8WNN9HIP,B0001EKYJ2,4.0,1320796800
AONPQ471OBWAI,B0001EKYJ2,4.0,1314316800
AOC1VI1NO691T,B0001EKYJ2,4.0,1252195200
A142YWJJCCXQCD,B0001EKYJ2,1.0,1204761600
A1PDEDPV27LL1Q,B0001EKYJ2,5.0,1144627200
A5WY04895FF6Y,B0001EKYJ2,5.0,1264723200
A2O4HWFW7NRLL6,B0001EKYJ2,5.0,1325116800
A1F5Z21JQOH4VT,B0001EKYJ2,5.0,1192924800
A24HUUSFKVXEQE,B0001EKYJ2,2.0,1203292800
A1LIFX0YTB6XL4,B0001EKYJ2,5.0,1338076800
A25OA5ML655Z38,B0001EKYJ2,5.0,1273363200
A1RSZDFSTNVD73,B0001EKYJ2,5.0,1175644800
A3E5TLEOUBF89C,B0001EKYJ2,3.0,1338249600
A37C4T19UAGS1N,B0001EKYJ2,5.0,1323648000
A2XVOQ0GGD2ERE,B000FKHNEG,5.0,1182211200
A1DUN6LZP0BTHU,B000FKHNEG,5.0,1196380800
A1XTUHJ52LWN30,B000FKHNEG,5.0,1199232000
A15H54S3LPDOAZ,B000FKHNEG,5.0,1199664000
A1F5W105OCZ170,B000FKHNEG,5.0,1292112000
A3P1UK7CALO0CC,B000FKHNEG,5.0,1279670400
A3NQVVDCHDIXC0,B000FKHNEG,5.0,1203811200
A3FZGX6KX88MU3,B000FKHNEG,5.0,1202515200
A2TTHN1UMO82VY,B000CSQNXS,1.0,1237852800
A19AZMPE5ICZ9,B0001EKYKG,2.0,1345680000
A1O905SO5PAT3J,B0001EKYKG,5.0,1318464000
ANN4HEC1R9JTP,B0001EKYKG,5.0,1316908800
A36ZFMNRKCIBCH,B0002DOYG6,5.0,1354406400
A3DMNTXTGVHWSB,B0001EKYLA,4.0,1295740800
A3J7U0Z64FUSNN,B0001EKYLA,5.0,1355270400
AH2UONLE2TLJ3,B0001EKYLA,5.0,1313971200
A2FVDYOHEG90JL,B0001EKYLA,4.0,1302134400
A3GDGJQ2CPZA2B,B0001EKYLA,5.0,1361491200
A2X3OMUUESUP4A,B0001EKYLA,5.0,1358035200
A2D6W2BQEAYS2W,B0001EKYLA,5.0,1355011200
A1V2K1LDK249HA,B0001EKYLA,5.0,1352073600
A37LIRBZUQ9LJV,B0001EKYLA,5.0,1321574400
A48175SYUR6YP,B0001EKYLA,1.0,1317081600
A1IENIOWNS0V88,B000NCV6YO,5.0,1320969600
A52ZRXO5HQ6K1,B000NCV6YO,5.0,1291161600
A2G8E7YR8GE6ZX,B0001EKYL0,4.0,1196640000
A64M7A2XFT1TP,B0001EKYL0,4.0,1255910400
A29WVZ64F6NDUZ,B0001EKYL0,5.0,1210809600
unknown,B0001EKYL0,5.0,1244160000
A19AZMPE5ICZ9,B0001EKYL0,3.0,1345680000
A225ZZKKSZ80JY,B0001EKYL0,5.0,1328054400
A2D6W2BQEAYS2W,B0001EKYL0,5.0,1297036800
A39QKKU96QHRF6,B0001EKYL0,5.0,1296086400
A2OHWGF4AP4864,B0001EKYL0,5.0,1226620800
AVTVEY3HVS5E7,B0001EKYL0,5.0,1296432000
A3776672XMVIDO,B0001EKYL0,4.0,1326758400
A2YWKNGOA9YZZP,B0001EKYL0,5.0,1288656000
A2R4SRQV3X73F5,B00012U9NK,1.0,1358208000
A3QRYV1VS8IX3T,B00012U9NK,5.0,1324944000
A11FNE7L67N6QS,B00012U9NK,5.0,1233187200
A1E86ID2XJCW7K,B00012U9NK,5.0,1233100800
A1WZ1OXI201KRL,B000PHIIMU,5.0,1256083200
A34TSKFNPHI6O5,B000NRSZZM,2.0,1355097600
A3PO8N7AGNFG94,B000NRSZZM,2.0,1344902400
A2AJEZ3LJ0NNHY,B000NRSZZM,4.0,1342742400
A1DK0EDG5PR11F,B000NRSZZM,2.0,1337472000
A2MLXXNKNFW0IC,B000NRSZZM,4.0,1333843200
A4CFSDI5FNAXK,B000NRSZZM,5.0,1310515200
AXZ1QH2QITE2S,B000NRSZZM,3.0,1308787200
A2VFH4DLPRRSPE,B000E9C4JC,5.0,1360454400
A64DSN3IVM2O1,B000JZCMKM,3.0,1314489600
AWGVYD5CK9UC,B000JZCMKM,2.0,1303689600
A3T1R05UYT66KS,B000JZCMKM,1.0,1300147200
A26KBYA1AVPDBF,B0001EKYM4,5.0,1356480000
AYULQYC9P6PZD,B0001EKYM4,5.0,1340928000
A3UX6D60GYXBDH,B000BO9JD4,1.0,1318550400
AKTJI4ZQ60RPJ,B000BO9JD4,5.0,1315785600
A3EF3UI7V8X2HU,B000BO9JD4,1.0,1330128000
A2S3E0AGUM2KDR,B000195RGW,5.0,1262131200
A1RRMZKOMZ2M7J,B000195RGW,4.0,1299801600
AVUJP7Z6BNT11,B000195RGW,5.0,1360540800
A1VJS5J9RWVQ5K,B000GLHNOO,4.0,1290470400
AFJEUUBKGMI83,B000GLHNOO,5.0,1276473600
A1ANHTNTE4I2HM,B000GLHNOO,5.0,1339027200
AZYC9N0E0VAV3,B000GLHNOO,5.0,1334707200
A2S3XDW69GMKOR,B000GLHNOO,5.0,1310601600
ALKXS9FL2FXY4,B000069R7P,3.0,1146614400
AMDNJNZ6DRKUP,B000Q4B108,5.0,1212969600
A8K6GXZ7FRNLG,B000Q4B108,4.0,1227571200
A2F0U09NSSEAI1,B000Q4B108,5.0,1211155200
AD0I5RMBLEMMP,B000Q4B108,5.0,1240704000
AAYH7L2VQW1FX,B000Q4B108,5.0,1206316800
A21YZ58ITYLWSI,B000Q4B108,5.0,1339372800
AWR87JK2QT8LW,B000Q4B108,5.0,1259884800
A2CR9ZWEW0EIVI,B000Q4B108,5.0,1300406400
A1XCAGLE1DYEC7,B000Q4B108,5.0,1350259200
A24GQYQ5FNW8MQ,B000Q4B108,5.0,1349654400
A3GRCAJJ900V4Z,B000Q4B108,1.0,1359849600
A2HPQMGYC866D9,B000Q4B108,5.0,1359244800
A2X6DLT15FUSZ0,B000Q4B108,3.0,1347926400
A2O8XLW161IZ4T,B000Q4B108,3.0,1318118400
A2O9X14ANM7WHO,B000Q4B108,5.0,1259884800
A2ELQ9BPH7RI5C,B000Q4B108,4.0,1318291200
A3QM5RRYK1Q40O,B000Q4B108,5.0,1229904000
A9KX05XSW92SE,B000Q4B108,1.0,1318809600
A2MDOZIFDBHQNW,B000Q4B108,1.0,1210809600
A56VYJIGWT4VP,B000Q4B108,5.0,1338422400
A122UXEICQD9C7,B000Q4B108,5.0,1307404800
A1V01M06HMMIFE,B000Q4B108,5.0,1324425600
A1NWFHYBX8WS50,B000Q4B108,5.0,1268006400
A9N1JVAKV4IOH,B000Q4B108,5.0,1355616000
A1NT0AEI1113LN,B000Q4B108,4.0,1347753600
A1KL7RL36NY5RZ,B000Q4B108,5.0,1333584000
A29PM7WYNVX9AZ,B000Q4B108,5.0,1340755200
A17U54GR036RTU,B000Q4B108,5.0,1311897600
A1G29NIDIVTGME,B000Q4B108,4.0,1360195200
AK7CAW3N1XZV6,B000069R7Q,5.0,1091750400
A2U2FTZS3RYJH2,B000J564OM,5.0,1320624000
A2XGQZ3AGZ7O2Z,B000J564OM,5.0,1359158400
A15A1SA4A1PTY8,B000J564OM,3.0,1278892800
A3MDETK0D5UAIN,B000069R7R,3.0,1227225600
A1G6KR5B2593AU,B000069R7R,4.0,1168819200
AYD00QTBW2JB3,B000069R7R,5.0,1357948800
A1GK8PCYXY2ELF,B000069R7R,5.0,1318464000
A2ZUYMAOTB0SX5,B0001EKYNS,3.0,1338940800
A2IP5UFL5BV614,B0001EKYNS,2.0,1322784000
A3HSVQ9B8IUPQR,B0001EKYNS,5.0,1319500800
A3CC536ZI3I2GK,B0001EKYNS,5.0,1256860800
A2DT2D4LAMEMO8,B0001EKYOM,5.0,1318032000
A39DX6HRP48EZ9,B0001EKYOM,5.0,1357862400
A3ABSJBA8EHW34,B0001EKYOC,5.0,1305936000
A8S6TF7RWEOKN,B0001EKYOW,5.0,1334534400
A3VX2PB27RP7M1,B0009PL3A2,5.0,1361750400
A3LU5O1UQSB9QG,B0001EKYO2,5.0,1357603200
A34T5W0CZ9KG3Q,B0001EKYO2,5.0,1355443200
A2CMPBYGGRU9ME,B0001EKYO2,5.0,1355356800
A35PERRMC1H0H6,B00018K1DC,5.0,1077321600
A3NC69O9U6P3CR,B00018K1DC,2.0,1354752000
A1ZYQTSI1DKWC5,B00018K1DC,5.0,1360022400
A35ONH4MNAYG8E,B00018K1DC,1.0,1358035200
A3TO77F3SHUPMX,B00018K1DC,1.0,1355097600
A25YCLM9EBTKYJ,B00018K1DC,1.0,1354579200
A1OIUWH01QLXAH,B00018K1DC,4.0,1354492800
A1JKELM24J8W84,B000GHJSE6,5.0,1241568000
A3D3E9MOOWN3Q9,B000GHJSE6,5.0,1215820800
A1NS425Q1SXQPJ,B000GHJSE6,5.0,1238457600
A1P2KLYEK31YZ7,B000BO8NZ4,5.0,1353974400
A2STI7H8XHJRE7,B000GHVI3A,5.0,1334448000
A1MPN2GNN3LZA5,B0006V7IUI,4.0,1210377600
AD0OENWU7N4L6,B000KOO0A2,4.0,1251504000
A3SXCZOY3AJ0PW,B000KOO0A2,5.0,1242518400
A3RPHZ69XH8Y9V,B0001YNYIA,5.0,1232496000
A28J6DYD96AOHK,B0001YNYIA,5.0,1224288000
A3I4EKX5V2UE3K,B0001YNYIA,5.0,1221523200
A1F6V22VP8HKI2,B0001YNYIA,5.0,1199059200
A1N2IX885QOTFD,B0001YNYIA,5.0,1197763200
A346NAB37IVZ1X,B0001YNYIA,1.0,1306368000
A5KNEG76371YM,B0001YNYIA,5.0,1206576000
A6MSYR1F9YCK4,B0001YNYIA,5.0,1328832000
A19LXV7AHNRQCA,B0001YNYIA,5.0,1319155200
A28NKNJ7X6FCDW,B0001YNYIA,5.0,1350086400
A3F3TVCJ1BG8XZ,B0001YNYIA,5.0,1260835200
A3DBIZK88B7LFL,B0001YNYIA,5.0,1231200000
A1GUCK233CC7IR,B0001YNYIA,5.0,1360540800
A2JDDOXQZDC22C,B0001YNYIA,5.0,1359331200
A2MCHD1VVD9ZV4,B0001YNYIA,5.0,1358553600
A3JLYVDFPJZDUZ,B0001YNYIA,5.0,1358380800
A1T6RZ0VP2W792,B0001YNYIA,5.0,1358035200
A24IVXI9ZIRTAJ,B0001YNYIA,2.0,1337731200
A4LC9EDDK60BA,B0001YNYIA,5.0,1328572800
A3VSWO29N9KGKO,B0001YNYIA,5.0,1275868800
AZLWTDIOMESGP,B0001YNYIA,5.0,1269302400
A23COTEM6CN9K5,B0001YNYIA,5.0,1265587200
A2W9F5P97P7LYO,B0001YNYIA,5.0,1260057600
A3BB0D5Y2GLSXX,B0001YNYIA,3.0,1258934400
AEZFN8RAS215J,B0001YNYIA,5.0,1255046400
A3NZPGQ251JEZ2,B0001YNYIA,5.0,1246406400
A1NVFH6KHHCXOF,B0001YNYIA,5.0,1241049600
A3O63RSEMCIN3N,B0001YNYIA,5.0,1358035200
A3L95D8PQYOPWU,B0001YNYIA,2.0,1357689600
A5DO17VEVBMBA,B0001YNYIA,5.0,1357084800
A3THFU4ETB60VK,B0001YNYIA,5.0,1357084800
A16DFBTD8I08EX,B0001YNYIA,5.0,1356652800
AN8EHG0ZLBAMZ,B0001YNYIA,5.0,1356393600
A244UVEKGHQ3R9,B0001YNYIA,5.0,1355702400
A6T6L2GNWUAED,B0001YNYIA,5.0,1355097600
A3SL1MCKYW71IV,B0001YNYIA,5.0,1348444800
A2WB6E5P5HSJ2X,B0001YNYIA,3.0,1343260800
A2027IYJ5N0QC4,B000GL8UBO,1.0,1172966400
A3AJZNO6LE1D0,B00021DA2M,5.0,1173398400
AL3S5XSYS4ZHX,B00021DA2M,5.0,1311033600
AKKP36FRF5BVU,B00021DA2M,5.0,1273276800
A24ZVCC66L4J9P,B00021DA2M,1.0,1291593600
A1ZGXBS5YUXZD8,B0009PL3B6,5.0,1279756800
A2EPFPMXOD7UB6,B0009PL3B6,4.0,1288310400
A1E3I2UDK711DH,B0009PL3B6,5.0,1354060800
A225O0S4DHQ44N,B000C233G4,5.0,1243468800
A5KKO0JTC8GN8,B000C233G4,5.0,1347840000
A1AZ0XLDN090ZB,B000FKHNLO,4.0,1176163200
A2P33C65482KKP,B000FKHNLO,5.0,1186358400
AU0OC667PPYHZ,B000FKHNLO,2.0,1204502400
A1KLCKKNE95JTR,B000FKHNLO,5.0,1156896000
A1GH2EZKY5GVMC,B000FKHNLO,5.0,1168732800
A2YWGYE6IYCQJS,B000FKHNLO,5.0,1355184000
AOEQOV8BI05TG,B000FKHNLO,4.0,1338336000
ATBWPRH1LJ01X,B000FKHNLO,5.0,1274572800
A3RJ4ZJWI66YN5,B000FKHNLO,5.0,1269302400
A3V2RVYFJ2TBBI,B000FKHNLO,5.0,1240876800
A3PAY428SK9K9T,B000FKHNLO,5.0,1168214400
A2MYNDCGL19MB,B000FKHNLO,5.0,1206489600
A3JW3MXF0HWZL6,B000FKHNLO,1.0,1182470400
A3U8HD929XAOHE,B000FKHNLO,5.0,1232582400
A2TIDIWHQSFELX,B000FKHNLO,5.0,1230854400
A2Z563ODWMIB8O,B000FKHNLO,4.0,1227052800
A1MBLYNGNEW84Y,B000FKHNLO,3.0,1225238400
A2158Y2U61AU9G,B000FKHNLO,5.0,1191801600
A146H6A41B26QT,B000FKHNLO,5.0,1191283200
AV5CJ3OP481DM,B000FKHNLO,5.0,1189209600
A3OCSY91SU7CHV,B000FKHNLO,5.0,1188777600
ACNON4BZACUUL,B000FKHNLO,2.0,1183075200
AQUA38CS2SPXL,B000FKHNLO,5.0,1181692800
A2P7DSAIUCS2JI,B000FKHNLY,5.0,1148688000
ACRKVH11O9LSF,B000FKHNLY,5.0,1156636800
A3M8HN4ZNEYHNB,B000PL2LAQ,5.0,1186444800
AREHL33AUQ3WY,B00064C0VW,5.0,1144454400
A3DHUQXITRC71Q,B00064C0VW,5.0,1133827200
A2HF5MBN4SUT5G,B00064C0VW,5.0,1175472000
A2BAU1C2J14FKW,B00064C0VW,5.0,1359417600
AHZIZQGVX5CW8,B00064C0VW,1.0,1355270400
A2A77HP9O83SIG,B000I6MNQ0,4.0,1232928000
A1DRZVJJZ7PGH2,B000I6MNQ0,5.0,1291334400
AZ2AM86KNJCS8,B000I6MNQ0,2.0,1356220800
AU74KXMI6285L,B000I6MNQ0,5.0,1348272000
AHDO8WFPT2EBO,B000I6MNQ0,3.0,1178409600
A34XRV08RE4ROC,B0001EKYQA,2.0,1347062400
A1FP9I7QRO7IKQ,B0001EKYQA,5.0,1332806400
A2VCSO36Y9AD48,B0001EKYQA,4.0,1264809600
A1FA1SE0KPK55D,B0001EKYQA,2.0,1354492800
AME1PAM24R78U,B0001EKYQA,3.0,1275955200
A38NPDPN3GDVXG,B0001EKYQA,5.0,1227398400
AFLK9HQS2GWUZ,B0001EKYQA,5.0,1329955200
AYOMAHLWRQHUG,B0001EKYQA,5.0,1208822400
A31PBG356QVMKF,B0001EKYQA,5.0,1337731200
A288N8V0ZW75PI,B0001EKYQA,5.0,1323216000
A148D8Z2QT7AAM,B0001EKYQA,5.0,1318982400
A29V1HF545Y5AN,B0001EKYQA,2.0,1313798400
AYOMAHLWRQHUG,B0001EKYQA,5.0,1311724800
AM1V0EOF67GXE,B0001EKYQA,5.0,1361232000
A2IFGELRLZ9DBO,B0001EKYQA,4.0,1348358400
A2F2L44WKZA175,B000C233IW,5.0,1173312000
A1XYTACSNWTFPX,B000C233IW,5.0,1173312000
A3M174IC0VXOS2,B000C233IW,5.0,1152921600
A3BSXEDDH4VTMU,B000C233IW,5.0,1262217600
A1AHFU58A0W2GA,B000C233IW,5.0,1308873600
A180N3X4ABMTN,B000C233IW,5.0,1261785600
A3CWS40TGB41H8,B000C233IW,5.0,1261526400
A3ITFLIHUDM7GO,B000C233IW,5.0,1259798400
A3HON8NJK7QJPR,B000C233IW,5.0,1251763200
APKS8MLI9R5PK,B000C233IW,5.0,1248825600
A2148JDW30GFG4,B000C233IW,5.0,1243209600
A1ONZR8M8Q8DDR,B000C233IW,5.0,1261008000
A3M174IC0VXOS2,B000C233IW,4.0,1108771200
A2CUKWT1NFAMOA,B000BR7W26,5.0,1273190400
A1Z4V53FB8JSSX,B000BR7W26,5.0,1300924800
A3DQST0MIOFJKL,B00021CEI8,2.0,1358294400
A2MBDZNXLKTFOF,B00021CEI8,4.0,1325203200
A2AROY4FDR2GWE,B000KS833S,1.0,1293753600
A2U5FS8YZBAVC9,B000KS833S,5.0,1352332800
A3GLN60FZVVDEV,B000KOO0C0,5.0,1356652800
A11BURN21BSG1U,B000KOO0C0,5.0,1360195200
A2Y22Z1W82FHNN,B000KOO0C0,4.0,1240272000
A20XD2UUWOM9M5,B000KOO0C0,1.0,1314576000
A2RDPX5V8QVUB2,B000KOO0C0,1.0,1324080000
A2Y2OGBD6XB46O,B000195RKS,5.0,1356652800
A1894P15Y137RM,B000195RKS,5.0,1290902400
A26B4I47S3QQ7W,B000195RKS,5.0,1285891200
A1WVFHR6523LOU,B000P1TYF6,5.0,1213920000
AVMADZ68WPKWX,B000P1TYF6,5.0,1202601600
A2CQFES6MNMAEY,B000P1TYF6,5.0,1323388800
A5CG559ETQAWN,B000P1TYF6,1.0,1288656000
A3VJSTYX2JJEGL,B000P1TYF6,5.0,1233100800
A3PLTC37YN7PPL,B0001EKYRO,5.0,1345248000
A254GA53ZNA73I,B000P1TYG0,4.0,1247529600
A2UAXYOQCHIS98,B000P1TYG0,5.0,1252800000
A21WXIK0L650YE,B000P1TYG0,5.0,1284249600
ARCMO2D5V1VJ4,B000P1TYG0,5.0,1280880000
A18NO6VK3DTZ03,B000P1TYG0,2.0,1266364800
A1W6354MLX4O42,B000P1TYG0,4.0,1251072000
A360P9R8LBB9SB,B000P1TYG0,3.0,1233532800
A2B6B0QYXSH28D,B000P1TYG0,4.0,1326067200
A3B327TM8T8S3F,B000P1TYG0,5.0,1319500800
ADRGTXW7NPYDD,B000P1TYG0,5.0,1298937600
A5JS10L8NOK9Y,B000P1TYG0,5.0,1269388800
A3VOXBKSPFGW3E,B000P1TYG0,5.0,1259625600
ATYVXZXK2HBWH,B000P1TYG0,5.0,1234915200
A119MX6YLAB6DS,B000P1TYG0,5.0,1230076800
A122EN50Y5BQ5B,B000P1TYG0,4.0,1204588800
A19XFQDUFQ98KD,B000P1TYG0,5.0,1284854400
A19GJ1BLS55ABT,B000P1TYG0,5.0,1244678400
A60PNIPZDA2A3,B000P1TYG0,5.0,1251849600
A25HMJLIO0G2QA,B000P1TYG0,2.0,1295049600
A32GAHCZ43R7NP,B000P1TYG0,5.0,1285459200
A4INSXIR9DYS6,B000P1TYG0,4.0,1352678400
A1Z8CR3HQOAA76,B000P1TYG0,5.0,1344038400
A3C6TQ748ZC77V,B000P1TYG0,4.0,1289952000
A37F6BUL11WVJU,B000P1TYG0,5.0,1285632000
ACKQP7VRZQBZH,B000P1TYG0,5.0,1279584000
A36Y2O5PDRLRDZ,B000P1TYG0,5.0,1279584000
AKL2LNHCHIQKM,B000P1TYG0,5.0,1279065600
A2ND1OJCS96L69,B000P1TYG0,5.0,1274140800
AGHX7S5RCG7YN,B0001EKYSI,2.0,1357344000
A2LEVHS17E637F,B0009W1KIK,5.0,1252627200
AJUB2YVC9XTFS,B000FKHNNW,5.0,1169510400
A17QVO7G8TC756,B000FKHNNW,5.0,1198800000
A3KOFPXR9MDM5A,B000FKHNNW,5.0,1216857600
A2KQHAKUJQ9AO5,B000FKHNNW,5.0,1219104000
A5QRU002AV80O,B000FKHNNW,5.0,1240963200
A1XM1U8LE14R8W,B000FKHNNW,5.0,1220313600
A2VU1265IAJXIV,B000FKHNNW,5.0,1314921600
A1TRDAMJ3RCD2G,B000FKHNNW,1.0,1266796800
AHW6FUGNXU11N,B0006437IW,5.0,1259971200
A31JHY97J2R3VZ,B0006437IW,5.0,1181779200
A1Q1A6FMU8DXB1,B0006437IW,3.0,1293408000
A56HOUOY2JFEE,B0006437IW,5.0,1289088000
A2NHIBKRI93F67,B0006437IW,5.0,1279756800
A2789HTOVT2LTO,B0006437IW,5.0,1259798400
AV25C0HXHMTA2,B0006437IW,4.0,1257638400
AAY43PCKCVONT,B0006437IW,1.0,1329523200
A3PP2432USFMCW,B0006437IW,5.0,1312156800
AXKQI9SUBLPV7,B0006437IW,3.0,1303862400
A1PVJICI412IN4,B0006437IW,5.0,1245196800
ANX87VSCMAZML,B0006437IW,5.0,1361145600
A3HZRD2U0593EU,B0006437IW,5.0,1343433600
A2792QUK0ZPPSI,B0006437IW,5.0,1336521600
A2TAGTMQAPQ83D,B0006437IW,4.0,1333324800
A1A8SNRKV35753,B0006437IW,5.0,1330646400
A3IAVBY93Z756S,B0006437IW,1.0,1328400000
A3FPM2ECIZ2AVQ,B0006437IW,3.0,1325721600
A26K5MNMG887XV,B0006437IW,3.0,1318723200
AR47YSIPRTFX2,B0006437IW,5.0,1317254400
AMEX6WGUPHLYF,B0006437IW,5.0,1298592000
A18W5971XSRAFT,B0006437IW,1.0,1285459200
A1HDGZ4FOCHYAL,B0006437IW,2.0,1285718400
AGRCJASZ338OX,B0006437IW,1.0,1330905600
A3SBBM9RYUG6S3,B0006437IW,1.0,1279065600
A10BJG1OG98JZP,B0006437IW,3.0,1282867200
A1OIYOQN5KIE7Y,B00023V5EU,1.0,1161993600
A1NGP2XLDNJNUT,B000GHVI7Q,1.0,1256428800
A2FFIOPCFW77MB,B000195RMQ,1.0,1324857600
A3FI26IB1HA4Q2,B000PL2LDS,5.0,1195689600
A31EAMY5LA1900,B000LZBNHI,5.0,1295654400
A23AQEDT5IXR13,B0006IX6AW,5.0,1187481600
A3091RP0SPZLMN,B0001EKYTM,5.0,1312416000
A2R0UV0YA5YKP9,B0001EKYTM,5.0,1293148800
A2ISOWSEPGDLME,B000A3V1SC,4.0,1306800000
A1D5QGR10L0OHG,B000A3V1SC,5.0,1349740800
A3S8QWLPFQP322,B000A3V1SC,5.0,1306022400
AVAL1VQEW1E7E,B000A3V1SC,5.0,1284163200
A23DA4GYG1T6L0,B00021CEK6,5.0,1140393600
A2RRDU8ZFEURES,B000A3V1SM,5.0,1290124800
A3O9GTZSA5DPKJ,B000A3V1SM,5.0,1248480000
A32JU6U6GRPYWA,B000QS2BVM,5.0,1359417600
A1E6NW1O6PQH07,B000QS2BVM,2.0,1356825600
A412SA8X53Q5N,B000QS2BVM,5.0,1356566400
A3NH6E14VOSTV3,B000QS2BVM,5.0,1356566400
A3KBDQHMZ41Y7B,B000QS2BVM,4.0,1353715200
AQ7K8FSIH40LG,B000QS2BVM,2.0,1331769600
A1U7L955TSFJD,B0009HIFOW,1.0,1323216000
A20QWRJAYX842L,B000FKHNPA,5.0,1197331200
AT4P233E5CEZN,B0009HIFOC,1.0,1207094400
A36WD3ASQK9I8E,B0009HIFOC,3.0,1358467200
A180AIG9XAXU9B,B0009HIFOC,5.0,1231113600
A1APMUGF0SJKIS,B000FKHNPU,5.0,1214179200
A1BED9FEZK80FP,B000FKHNPU,5.0,1178064000
A102R0714VSMB,B000FKHNPU,2.0,1213660800
A1R5ZCXNK0L5XT,B000FKHNPU,4.0,1208822400
A5HFSY1INWX61,B0009WX4KW,5.0,1155600000
AZU5SP0BCITWX,B0009WX4KW,4.0,1154476800
ATA82P9JAXE9D,B0009WX4KW,1.0,1163203200
A1THJ53HQR4MBM,B0009WX4KW,5.0,1140048000
AC1BYJVT1O8G9,B000C233LO,5.0,1256342400
ABN280JDLDV72,B000C233LO,5.0,1217721600
A3RM99MXG042BI,B000C233LO,5.0,1309824000
A1V4VVBQBFXRHC,B000C233LO,5.0,1216771200
A3KQZ9AGTZD3OF,B000C233LO,5.0,1339027200
A1UEAR91OB928P,B000C233LO,5.0,1324944000
A1CZVTEOX00TKF,B000C233LO,5.0,1305504000
A34L3KJBU33P69,B000C233LO,5.0,1298246400
AMWB7KSB8IKLI,B000C233LO,5.0,1233014400
A19A6M0WXR7V2J,B000C233LO,5.0,1198800000
A1XX7A00LMV0B0,B000C233LO,5.0,1351468800
A355ZMBP18T098,B000C233LO,5.0,1349049600
AZ5YC4S5ETSK3,B000C233LO,4.0,1361145600
A3A8SEWNFMSOXZ,B000C233LO,5.0,1359504000
A3Q0BLU8GSQAP0,B000C233LO,5.0,1357776000
AUXKF1IYUTNR,B000C233LO,5.0,1357603200
AYSJINQYBPP3N,B000C233LO,5.0,1357603200
A3LJP6NDCTKK6Z,B000C233LO,5.0,1356998400
A5JU7GOHNG5AN,B000C233LO,5.0,1353888000
A17VXT1OI9TMTR,B000C233LO,5.0,1353715200
A1342PAXBOW0AV,B000C233LO,5.0,1353715200
A2FWAWRQH5ZSWA,B000C233LO,5.0,1353369600
A3IBWMCIBIQT4Q,B000FKHNP0,5.0,1181433600
A58N07M0ZCYMB,B000FKHNP0,5.0,1181001600
A2UPNBPC2VX6UP,B000FKHNP0,5.0,1184544000
A36K6VASLXKHF9,B000FKHNP0,5.0,1174003200
AJW55UO0V68DC,B000FKHNP0,1.0,1152835200
A27LY47ABOPJXC,B000FKHNP0,5.0,1180396800
A1A9M74KSV1O6R,B000FKHNP0,2.0,1199145600
A1CZFCIPFNZ6UF,B000FKHNP0,5.0,1185235200
A326M115WP6E1C,B000FKHNP0,5.0,1170547200
A3JHQCC64QQ7AX,B000FKHNP0,5.0,1167955200
AIMUG110LFAP1,B000FKHNP0,5.0,1217721600
A2AO4689YML8D2,B000FKHNP0,2.0,1206921600
A2RLA1JRO7WUDP,B000FKHNP0,5.0,1179014400
A14T02TFIG7W10,B000FKHNP0,5.0,1162598400
A3UKWQS8SRW6IO,B000FKHNP0,5.0,1155859200
A2RT3KIAKCDQB3,B000FKHNP0,5.0,1193184000
A37PYXIP5VI533,B000FKHNP0,5.0,1192665600
A2ZMZBJAW1C6Z8,B000FKHNP0,5.0,1191456000
A29YSZGNXDH0RN,B000FKHNP0,5.0,1188950400
A2BAEHJ0JRK806,B000FKHNP0,5.0,1188864000
A215CB6XNDGBQ8,B000FKHNP0,5.0,1178928000
A3GMW0H8A4PYPD,B000FKHNP0,5.0,1175558400
A1K9BJW81K9DIU,B000FKHNP0,5.0,1170201600
AWUL70Q1YAZ8R,B000FKHNP0,5.0,1167782400
A10DGGA79345EG,B000FKHNP0,5.0,1182211200
A30M67EUNMEYIO,B000FKHNP0,5.0,1357948800
A301ZBOYG52Q3V,B000FKHNP0,5.0,1297036800
A1U2B6VZA6IVZO,B000FKHNP0,5.0,1220140800
A2DYUNYIEA1X59,B000FKHNP0,5.0,1214784000
A1R5ZCXNK0L5XT,B000FKHNP0,5.0,1208822400
A10ELIF4ZDEUB1,B000FKHNP0,5.0,1208476800
A3K8XMTDG518JR,B000FKHNP0,5.0,1208131200
A15DESEJI0EMFT,B000FKHNP0,5.0,1206921600
A2JJYRBIF9GSQC,B000FKHNP0,5.0,1205884800
A1PRZPZAL28E24,B000FKHNP0,5.0,1197417600
A2DGWPH2ZQ4NJ6,B000195ROO,5.0,1306713600
A95EJ8UMRU3KV,B000195ROO,5.0,1233273600
AON83VIVASHKA,B000JZ3TEA,4.0,1172102400
A148SOESRC4BYC,B000JZ3TEA,5.0,1232236800
A2QLJAYS58HE6C,B000JZ3TEA,3.0,1356825600
A2KY7D19Y15UFP,B000JZ3TEA,5.0,1333670400
A2LVDKVNNJSUDH,B000GHJSLO,5.0,1200528000
A3AA2EAP7MWV6R,B000GHJSLO,5.0,1356566400
A38TUHK1BJSS98,B000GHJSLO,5.0,1351987200
A3NI955AEMQPCJ,B000GHJSLO,5.0,1261008000
A1PEV3NS2OLCBG,B000GHJSLO,5.0,1241568000
A1LXXKNZEG9WUO,B000GHJSLO,1.0,1224720000
AXGYP54K35VM0,B000GCLC7C,5.0,1361145600
A32WDOT98LVWO6,B0001EKYVA,5.0,1191456000
A29EGGCYK96C0Y,B0001EKYVA,5.0,1360886400
A1DOKJ4A0RUFEJ,B0001EKYVA,5.0,1348876800
A10MAF0C0JNHBD,B0001EKYVA,5.0,1283731200
A2X9YTMA5CD6GG,B000C233N2,1.0,1342224000
AUY9W9Q3CSZ2Q,B000C233N2,5.0,1354492800
A31AHG6YNFG8AQ,B000C233N2,5.0,1273449600
AA67Q23YTN60W,B0001EKYW4,5.0,1290038400
A1SAG89WPPEJIE,B0001EKYW4,5.0,1226793600
A1B1LOME6R82DX,B0001EKYW4,2.0,1262995200
A3SEJOV071EW6C,B0001EKYW4,1.0,1196467200
A3QWMWHZTUYWFR,B000JZCMU2,5.0,1356307200
A13IEEF3PBMB0H,B000JZCMU2,5.0,1356048000
A3R6218V6A2K30,B000JZCMU2,2.0,1355961600
A8710RWTFG3IY,B000JZCMU2,5.0,1355875200
AHX2ZD8E9MFTT,B000JZCMU2,4.0,1353715200
ARYSDAZNRXN6G,B000JZCMU2,1.0,1352419200
A1GVUJWTB9DZIG,B000JZCMU2,5.0,1345593600
A28X66OD6SSZ4B,B000JZCMU2,5.0,1337472000
AJW6EGTR317HC,B000JZCMU2,3.0,1334620800
A1EXE4MS0UMWSM,B000JZCMU2,4.0,1333843200
A13832GFVLY4QV,B000JZCMU2,5.0,1216339200
A1IYC19YD6BEYE,B000JZCMU2,1.0,1283558400
A1OG8VF8AJGCDM,B000JZCMU2,2.0,1361404800
AQSL0U8FZ5BQA,B000JZCMU2,4.0,1360281600
A3GBALRPEY85U2,B000JZCMU2,4.0,1358985600
A3SVO6XXSHZQCM,B000JZCMU2,5.0,1358294400
A11NFJY3T2H3TN,B000JZCMU2,5.0,1357689600
A8GCKPJRA9ER0,B000JZCMU2,5.0,1357516800
AOI6RYRDZJ3RS,B000JZCMU2,5.0,1357257600
A1ZD7WFF68EARZ,B000JZCMU2,5.0,1356652800
APD2HZKH6W1MN,B000JZCMU2,5.0,1356652800
AZSXUEGQYAIOO,B000JZCMU2,5.0,1333152000
A3A04E5IK8M223,B000JZCMU2,3.0,1330992000
AY1NUCXXJ5WD5,B000JZCMU2,3.0,1329264000
A3680UQ0EL87HC,B000JZCMU2,3.0,1326585600
A3HI79K48HS5GL,B000JZCMU2,3.0,1325721600
A146TPBFEGWSPK,B000JZCMU2,5.0,1320105600
A1DZMIIM5BKAWA,B000JZCMU2,4.0,1313884800
A3H62VYLEK8X1V,B000JZCMU2,5.0,1309910400
A2KDLRQEC1A39L,B000JZCMU2,5.0,1308182400
A2H76V7TTCZ4KV,B000JZCMU2,3.0,1298073600
A1V0FO8HD12QLO,B000JZCMU2,5.0,1297987200
A2622T5X6SMQ6Q,B000JZCMU2,5.0,1293321600
AHISR722JA7R3,B000JZCMU2,5.0,1289779200
AE9NDV34HPZLM,B000JZCMU2,5.0,1283731200
A3BG3EP7YQ3TZV,B000JZCMU2,5.0,1179360000
A3BIFENIZJSTXN,B000JZCMU2,3.0,1286150400
A3KEZLJ59C1JVH,B000JZCMU2,5.0,1285891200
A17ZDOWLY7F3MG,B000JZCMU2,4.0,1259712000
A13I34ZHC0AYM1,B000JZCMU2,5.0,1233532800
A3094EPI56GKZ6,B000JZCMU2,5.0,1225497600
A3VAJULICZUNZL,B000JZCMU2,4.0,1167868800
ABRUL7APFRVRH,B000JZCMU2,4.0,1320969600
A36B42K1V780BN,B000JZCMU2,4.0,1349827200
A39TD2XQJ1RT8M,B000JZCMU2,5.0,1357862400
A3OGNS230YP8TD,B000JZCMU2,2.0,1333324800
A3LPFHPD69M41G,B000JZCMU2,3.0,1328572800
A2KW04KZY50I18,B000JZCMU2,5.0,1220918400
A2NWL3KGZWFAGL,B000JZCMU2,4.0,1202428800
A2MTWJLJEZ2JYG,B000JZCMU2,5.0,1144022400
A8K1RF26OJDI1,B000JZCMU2,1.0,1320969600
A1JC0MHJHJ2ODZ,B000JNJ16W,3.0,1322611200
A39ZBAH619NXMV,B000A3V1WI,5.0,1212019200
A3W16ODXJ0NFK5,B000A3V1WI,4.0,1356912000
AZLDSNZZ4MD30,B000A3V1WS,5.0,1201046400
A1FIDPX96WCA06,B000A3V1WS,5.0,1181260800
A1UVKA2ZQD2C8Z,B000A3V1WS,5.0,1280448000
A2KJ9AUZEG5PM6,B000A3V1WS,5.0,1303776000
A3GKQKMQN298GS,B000A3V1WS,5.0,1360540800
AEEZ48DOEZ057,B000A3V1WS,5.0,1349827200
A2II3W7M0007V,B000A3V1WS,3.0,1343260800
A22DHH9ZG6XK0A,B000058ALK,5.0,1315699200
A3PZDNGNU1WSX0,B000058ALK,5.0,1361318400
A1Y6NC2DVQEDQK,B000058ALK,5.0,1360800000
A395WUJLQ76E1Y,B000PHIIXE,5.0,1293667200
A1OU0MJ1QR5ONY,B000PHIIXE,5.0,1361404800
AMKRC4JCJLNL6,B000PHIIXE,5.0,1325376000
A28GQAJS849ZEC,B000PHIIXE,5.0,1323129600
A3JXI950EYGUFQ,B000PHIIXE,5.0,1314921600
A3QSQQLA9HBKRW,B000A3V1W8,1.0,1279065600
A1J2KPYIGFNF56,B0009HIFRY,5.0,1184716800
A35ZPAYABPCE48,B0009HIFRY,5.0,1332374400
A3DS177PAGXJ4R,B0009HIFRY,5.0,1332288000
A35XCDCJI7WT4L,B0009HIFRY,5.0,1326326400
A24LCKXMIBSLVX,B0009HIFRY,5.0,1324339200
A3BC4K4XGINMB7,B0009HIFRY,5.0,1322438400
A3UJN67CLA6LIU,B0009HIFRY,5.0,1320883200
A1HSHKNK47I6EY,B0009HIFRY,5.0,1320105600
AFIPQJU6EQGJI,B0009HIFRY,5.0,1318118400
A359JWQGUZYHKK,B0009HIFRY,5.0,1308096000
A2XHVJD552ZQW0,B0009HIFRY,5.0,1355097600
A2BKH13BIAIAI0,B0009HIFRY,4.0,1354924800
A2FRG8QSBW9NBX,B0009HIFRY,5.0,1354492800
A2TCF8B12TY21X,B0009HIFRY,4.0,1352678400
A3EXC8S82OUBUO,B0009HIFRY,1.0,1327276800
A9EML171PH15V,B0009HIFRY,5.0,1315526400
A2OQMYXFKXMFI5,B0009HIFRY,1.0,1318204800
A2QQPQTX9OCWGQ,B0009HIFRY,5.0,1302825600
A463KOF738DN4,B0009HIFRY,5.0,1294185600
A2Y4S4CNGKF21S,B0009HIFRY,5.0,1338854400
A2XTDPSKR0ULSN,B0009HIFRY,5.0,1312156800
A3LORZA46IAK3P,B0009HIFRY,5.0,1283472000
A2PGY0UH2ZII9Y,B0009HIFRY,5.0,1282348800
A18CSCOAL7FGWH,B0009HIFRY,5.0,1294963200
AOJV5B30IKISH,B0009HIFRY,5.0,1357430400
A239N9K0CXYABZ,B0009HIFRY,5.0,1357344000
A18ULESYJ4B0GW,B0009HIFRY,5.0,1350000000
A1QLK3XMEXL9A,B0009HIFRY,5.0,1349654400
AZJCM8R1WUGCK,B0009HIFRY,5.0,1362182400
A3P129LF2VO3TD,B0009HIFRY,5.0,1361404800
A2EQH2NXJ9EU5G,B0009HIFRY,5.0,1361318400
A3QWRUEEISVBLA,B0009HIFRY,2.0,1360281600
A1W2AQUX68F9ZB,B0009HIFRY,4.0,1360108800
A15FN43TKF2U1P,B0009HIFRY,5.0,1359936000
A19E608OIXC6NJ,B0009HIFRY,5.0,1359590400
A1U5L6FULB5B2L,B0009HIFRY,5.0,1359417600
A36WUWLCKB785,B0009HIFRY,5.0,1359158400
A22KKBNFTCM1P,B0001EKYYM,5.0,1341532800
A14LDVK4B09VKE,B0001EKYYM,1.0,1336780800
A17ITHJHMBJI78,B0001EKYYM,5.0,1287964800
A3LTU2W2YK8NZ,B0001EKYYM,5.0,1303257600
A5VHW5UNDOTHB,B0001EKYYM,5.0,1330128000
A3LTU2W2YK8NZ,B0001EKYYM,5.0,1303257600
A3QLDORMK0EZ3T,B0001EKYYM,5.0,1286323200
A2WSTH4YQ9XSTX,B0001EKYYM,5.0,1208304000
A1O62B2GDEKHDA,B0001EKYYM,5.0,1170892800
AMYLE2O84OB93,B0001EKYYM,5.0,1361232000
A1Y5GHP80ETUP3,B0001EKYYM,4.0,1357257600
A3SC95BVXN3YBO,B0001EKYYM,5.0,1341878400
A22KKBNFTCM1P,B0001EKYYM,5.0,1341532800
A1I6U5AQAT3ZG9,B000C33HZA,5.0,1338249600
A3SJY9LN487GFH,B000C33HZA,5.0,1275350400
A2YGZ5HH8NQ1Q8,B000C33HZA,5.0,1358726400
A2ZZ61LE65W5ST,B000C33HZA,5.0,1200528000
A15S2CJR1IWIEE,B0009HIFS8,5.0,1270425600
A3J32TAPDA79FM,B0009HIFSI,5.0,1274054400
A150OMCIF36K47,B0009HIFSI,5.0,1244505600
A1NUVEGTDT7XWC,B0009HIFSI,5.0,1357948800
A3LC8MF9RW3ZMN,B0009HIFSI,5.0,1334102400
A3MTFWT0PTNFCC,B000A3V1XC,5.0,1206921600
A1Y7S8ND8MFS5B,B000A3V1XC,5.0,1278201600
A3Q4N0T63YA7NK,B000A3V1XC,5.0,1263427200
A1AMBITCLPQT9B,B000A3V1XC,5.0,1231718400
A1RY3SFGPZJH29,B000A3V1XC,5.0,1326412800
A1UAQ7FHC4Q3FZ,B000A3V1XC,5.0,1237248000
A1U208VXZ6J5HA,B000A3V1XC,5.0,1214352000
A1PY1TU15U19XQ,B000A3V1XC,4.0,1362009600
A3E3FC03G6UZG5,B000A3V1XC,5.0,1361318400
A3I5YSSZVY4IWT,B000A3V1XC,5.0,1359331200
A34T4Z9EHIV1XN,B000A3V1XC,5.0,1358294400
A3SGUL5WNLICQH,B000A3V1XC,5.0,1357084800
A39LUWJTJDUMI1,B000A3V1XC,1.0,1334188800
A10Y59HW4O47N0,B000A3V1XC,4.0,1327622400
A1SA4NGGXSX66H,B000A3V1XC,3.0,1167868800
AYN15QL3VIBT0,B000A3V1XC,1.0,1330041600
AFWOY91CEEKXT,B000A3V1XC,1.0,1327449600
A3HQ5A3V1F9FFD,B000A3V1XC,1.0,1319155200
A2L6LGTCAO02FY,B0009HIFSS,5.0,1302393600
A24J6FU38I0IN7,B000C233QE,1.0,1276473600
A1641JHRBD9RIM,B000C233QE,5.0,1258070400
A12K04HG4AE9FR,B0009HIFT2,5.0,1294963200
A2QQPQTX9OCWGQ,B0009HIFT2,5.0,1304294400
A1OQI3DTFPO39G,B000ME2YWG,4.0,1336089600
A1QBV6M2YRR92L,B000ME2YWG,5.0,1331856000
A3Q540PRM32MTS,B000ME2YWG,4.0,1331337600
AAL8TINGXN3UA,B000ME2YWG,5.0,1330646400
A38J5TMD535OJT,B000ME2YWG,5.0,1325376000
AS6SIILP26DM4,B000ME2YWG,1.0,1319932800
A3MB6AL74DZCBY,B000ME2YWG,5.0,1316131200
A20SCXB5ISY91P,B000ME2YWG,5.0,1315267200
A2WE239566NLJS,B000ME2YWG,4.0,1295827200
A12WJRN64XE2YK,B000ME2YWG,4.0,1292284800
A2E6V8KSAASEIQ,B000ME2YWG,2.0,1262908800
A1AT8LQXVW1LC0,B000ME2YWG,3.0,1257984000
A1UEW353JWNV7I,B000ME2YWG,4.0,1255305600
A39OG9Z6O7RI6W,B000ME2YWG,4.0,1254700800
A1R0ODOKB6MF69,B000ME2YWG,1.0,1251676800
A1CO5DJ0F8C1M6,B000ME2YWG,2.0,1247443200
A1R0BGPGC795WZ,B000ME2YWG,3.0,1247184000
A2XIGGYYRGAVU1,B000ME2YWG,1.0,1245628800
A7N16FT37ZZSS,B000ME2YWG,3.0,1244160000
A2H0LNEQQ4WS45,B000ME2YWG,4.0,1237075200
A2QGPMMK4NK7UX,B000ME2YWG,1.0,1190592000
ALBVGXDZOGWKN,B000ME2YWG,3.0,1189296000
A3AFGYI63SS8MA,B000ME2YWG,5.0,1186358400
AWXH649C2NPLJ,B000ME2YWG,5.0,1185408000
A3LJYKZMIPPM4D,B000ME2YWG,5.0,1219104000
A2PJUW0GKIQ4,B000ME2YWG,3.0,1202860800
A3OTRU0O6IOJO4,B000ME2YWG,5.0,1202515200
A3MJC9WDU90PXU,B000ME2YWG,1.0,1192838400
A7RVO6AOCORUI,B000ME2YWG,5.0,1184630400
A3AYO8XZUUULQA,B000ME2YWG,1.0,1185840000
A2SRSHCPAYOKZM,B000ME2YWG,5.0,1335139200
A1FDSB49OSS3V6,B000ME2YWG,4.0,1330992000
A1E4I63F10OSU1,B000ME2YWG,5.0,1327104000
AB24Z3NI3J76W,B000ME2YWG,5.0,1326153600
A1AZX5R6ZAIY0B,B000ME2YWG,5.0,1325894400
A1IDB6LF2RQSF9,B000ME2YWG,3.0,1325203200
A5Q8QSTHZK6Z0,B000ME2YWG,5.0,1323216000
A1YPT4R2OOD851,B000ME2YWG,1.0,1313193600
A2GA3OQ9R3KS0W,B000ME2YWG,3.0,1311033600
A1D21QDUNUF087,B000ME2YWG,5.0,1309305600
AIZI94G4YM61W,B000ME2YWG,3.0,1306540800
A1V2V6OY91YX94,B000ME2YWG,3.0,1304467200
A1CDB84CUXNQBD,B000ME2YWG,5.0,1304467200
A7QZ3NG2GL2CL,B000ME2YWG,1.0,1303257600
A3T2N4NRCF4QCZ,B000ME2YWG,1.0,1302912000
A1QTICTBQKS6I6,B000ME2YWG,4.0,1302220800
A3M4HWWIGNURTG,B000ME2YWG,5.0,1299283200
A2VSIALM8ZS84D,B000ME2YWG,5.0,1295222400
A3R0DBWNCOVRQF,B000ME2YWG,5.0,1288742400
A3M7ILV2ESS8D6,B000ME2YWG,5.0,1286755200
A79BSGDV06URJ,B000ME2YWG,5.0,1232409600
A11MLJANFM41EE,B000ME2YWG,5.0,1232064000
A18LYB11XZOBTM,B000ME2YWG,5.0,1229817600
ABI4X9GG0GZH8,B000ME2YWG,1.0,1228694400
A2WJ8VC73455SJ,B000ME2YWG,5.0,1228521600
A2AGB07Z68KF4H,B000ME2YWG,2.0,1226966400
A33361HJJA6QUF,B000ME2YWG,5.0,1225411200
unknown,B000ME2YWG,1.0,1224460800
ABASAF98J5U5W,B000ME2YWG,1.0,1223164800
A2L52K7PBFSNZ0,B000ME2YWG,5.0,1222732800
AVYDIKCNKP9L3,B000ME2YWG,5.0,1203379200
AEJG0JEV1YGCU,B000ME2YWG,5.0,1202860800
A1BN03E9HCMS5M,B000ME2YWG,5.0,1202428800
A36IGNB2YQWHBF,B000ME2YWG,5.0,1202428800
A3NCN2TMFXJK8,B000ME2YWG,2.0,1201392000
A3NP7W9DNAFUVL,B000ME2YWG,5.0,1200528000
A2ELG6D4XKVCDB,B000ME2YWG,4.0,1200096000
A15VM5PBTGBET3,B000ME2YWG,5.0,1199145600
A3SW2MSNT2V98R,B000ME2YWG,4.0,1199059200
AOUMTF24U9X46,B000ME2YWG,5.0,1198540800
A2OK8KX7IOQ2CU,B000ME2YWG,2.0,1222560000
A3MBKA2J23I8QU,B000ME2YWG,4.0,1189123200
A2DWPW08E3HP0E,B000ME2YWG,1.0,1215475200
ATJDQ137MA426,B000ME2YWG,3.0,1191715200
A1O9606QMNZGXW,B000ME2YWG,2.0,1335916800
A3156LH0U0LA6P,B000ME2YWG,1.0,1325635200
A19A7GPCH2P687,B000ME2YWG,2.0,1249948800
A3ONHPAFV8FUFX,B000ME2YWG,5.0,1236384000
A2YHGNC7BSNHFM,B000ME2YWG,1.0,1231718400
AVECNA7FEJLWY,B000ME2YWG,3.0,1209945600
AKFUK40T1A2B0,B000ME2YWG,5.0,1284163200
A2I7CXOC9U0SV2,B000ME2YWG,3.0,1282953600
AGFJS5LO2EK3H,B000ME2YWG,5.0,1277078400
AO38Y9OGVYP5S,B000ME2YWG,5.0,1259539200
A53CN1WBB92IH,B000ME2YWG,5.0,1253232000
A1S3RIF7QP464T,B000ME2YWG,5.0,1247011200
A34RN6XV67W7CN,B000ME2YWG,5.0,1246147200
A1Q7TM0NWSEL32,B000ME2YWG,5.0,1245542400
A2B9YBELWYURBM,B000ME2YWG,5.0,1243814400
A6D6NLQFRKZX8,B000ME2YWG,2.0,1241481600
A1LHXIWIST0LGU,B000ME2YWG,4.0,1214956800
A55EDC7R9VD45,B000ME2YWG,2.0,1210291200
A1MCSS2I3K6VO3,B000ME2YWG,4.0,1209427200
A2VRJ19FSTVUBS,B000ME2YWG,1.0,1208563200
A1U0SVZ30SZOIN,B000ME2YWG,5.0,1207699200
ATI0PKT49PO2A,B000ME2YWG,5.0,1203811200
A5MZB9OKT3K2O,B000ME2YWG,1.0,1203206400
AOG7XLWF6WLK9,B000ME2YWG,5.0,1202947200
A1XL1FKE4F25ZP,B000ME2YWG,5.0,1202601600
A3RV0ITFS6RBPC,B000ME2YWG,4.0,1199318400
A1ZNYIFBEHQKLA,B000ME2YWG,5.0,1176595200
A3MK4Q0VPFU7WS,B000ME2YWG,5.0,1181865600
A23F8D2ZOCQM6V,B000ME2YWG,5.0,1183852800
A2FUH85TDTYJRK,B000ME2YWG,5.0,1190851200
AU1NXQLIS37DI,B000ME2YWG,1.0,1175644800
AG3K3AQ6ZJ3QK,B000ME2YWG,5.0,1176422400
AD4JO6QZF1LZ2,B000ME2YWG,5.0,1179878400
A2ATFA1HLJGTSI,B000ME2YWG,4.0,1192147200
A2BCKR0IVJ4T86,B000ME2YWG,5.0,1180483200
A2PXR4VPUNGRQ7,B000ME2YWG,4.0,1179878400
A3PFETPCJSHY4V,B000ME2YWG,4.0,1229212800
A1KPE3XRPZIK9R,B000ME2YWG,4.0,1215129600
A3PBOO2NZNL7M2,B000ME2YWG,4.0,1210723200
A1RQ9TWSRSQ4JA,B000ME2YWG,3.0,1202428800
A1B4TEX216CAVA,B000ME2YWG,2.0,1180828800
A2ZOG07GWQ1N10,B000ME2YWG,4.0,1208131200
A3W04RESH1PZD3,B000ME2YWG,1.0,1191542400
A3S8B6D7K9RIMU,B000ME2YWG,1.0,1220313600
A3R70P0F071RXZ,B000ME2YWG,1.0,1194393600
A1APJ9BVO8KFTU,B000ME2YWG,2.0,1272758400
AGEVRGK52SKSY,B000ME2YWG,2.0,1308268800
A2TVP8E5O7AXTW,B000ME2YWG,5.0,1305849600
ABWW8V8K24Q70,B000ME2YWG,5.0,1305417600
A46YHOHBBJJNC,B000ME2YWG,5.0,1305417600
A1L002JQJFF51P,B000ME2YWG,4.0,1305244800
A2O2517JTCS750,B000ME2YWG,5.0,1305072000
A2X13LZ43LM93Q,B000ME2YWG,4.0,1303776000
A3NE1JLUW38JC,B000ME2YWG,5.0,1302566400
A1VH09K45Z3RJV,B000ME2YWG,4.0,1301529600
AATUYIMW7U4WK,B000ME2YWG,4.0,1301443200
A296FY3E05WFSF,B000ME2YWG,2.0,1180310400
AGT0B0CSZL5R5,B000ME2YWG,2.0,1177286400
ARJLR2QJ21OR6,B000ME2YWG,5.0,1315008000
AVUXKZ1OX9X6G,B000ME2YWG,5.0,1309737600
A2OI7KDRVFNULB,B000ME2YWG,5.0,1267401600
A3PCZTDHZBSNA0,B000ME2YWG,3.0,1220313600
A2YZNWGW6FVBNQ,B000ME2YWG,4.0,1213833600
AC0PY9F8Y50F,B000ME2YWG,5.0,1204243200
A1EDJXW39YQV1X,B000ME2YWG,4.0,1199491200
A289YMDRFQHK36,B000ME2YWG,5.0,1198627200
A2QRGECUX1S21A,B000ME2YWG,5.0,1292025600
